ID,タイトル,URL,発リンク数,被リンク数,リンク先URL一覧
422,"【BCG内定者が解説/中途向け】BCG(ボスコン)のケース面接を突破し内定・転職する方法（戦コン過去問・解説付き）","https://akagiconsulting.com/blog/fermi-estimate/422/",2,0,"https://akagiconsulting.com/blog/case-interview/805/;https://akagiconsulting.com/blog/case-interview/791/"
479,"コンサルのケース面接でフレームワークは必須？フレームワークの正しい使い方を知ろう【頻出フレームワーク9選をご紹介！】","https://akagiconsulting.com/blog/case-interview/479/",0,0,""
488,"【MBB内定者が解説】ケース面接ノー勉は危険！コンサルのケース面接でボロボロにならず最短距離で内定を掴む対策法とは？","https://akagiconsulting.com/blog/case-interview/488/",0,0,""
490,"【中途向け/MBB内定者が教える】ベイン(Bain)のケース面接を突破し内定する方法【選考内容・過去問解説あり】","https://akagiconsulting.com/blog/fermi-estimate/490/",0,0,""
498,"【戦コン出身者監修/中途向け】カーニー(KEARNEY)のケース面接を突破し内定する方法（過去問・MBB内定者による解説付き）","https://akagiconsulting.com/blog/fermi-estimate/498/",1,0,"https://akagiconsulting.com/blog/case-interview/900/"
537,"戦コンケース面接の対策に必要な期間は？最短で内定レベルを目指す方法【MBB内定者が解説】","https://akagiconsulting.com/blog/case-interview/537/",0,0,""
550,"【総コン対策指導のプロが解説】アクセンチュアのケース面接を突破し内定/転職する方法【例題/過去問解説あり】","https://akagiconsulting.com/blog/fermi-estimate/550/",0,0,""
558,"【中途/戦コン内定者が解説】Strategy&amp;(S&amp;)のケース面接を突破し内定する方法【選考内容・過去問解説あり】","https://akagiconsulting.com/blog/fermi-estimate/558/",0,0,""
561,"【戦略コンサル内定者が解説】ローランド・ベルガーのケース面接を突破し内定する方法【傾向と対策】MBB内定者による例題解説あり","https://akagiconsulting.com/blog/fermi-estimate/561/",0,0,""
582,"【総コン対策指導のプロが解説】Big4・アクセンチュアのケース面接を突破し転職・内定する方法【過去問・例題解説付き】","https://akagiconsulting.com/blog/fermi-estimate/582/",0,0,""
649,"戦略コンサルとは？戦コンへの転職・ケース面接対策方法【MBB社員が徹底解説！】","https://akagiconsulting.com/blog/case-interview/649/",0,0,""
665,"【戦略コンサル転職に必要な学歴】東大・京大以外でも可能？早慶・Marchは？戦略コンサル入社支援のプロが解説","https://akagiconsulting.com/blog/information/665/",0,0,""
679,"未経験からの戦略コンサル転職に年齢制限はある？30代〜でも転職可能？【プロが教える】","https://akagiconsulting.com/blog/information/679/",0,0,""
725,"戦略コンサル転職を完全攻略、万全の準備・ケース面接対策で選考突破を目指そう 【プロが教える】","https://akagiconsulting.com/blog/fermi-estimate/725/",0,0,""
766,"戦コンケース面接例題(BCG/ベイン過去問)を徹底解説〜回転寿司/旅行代理店/タピオカ屋の売上向上〜【MBB内定者が解説】","https://akagiconsulting.com/blog/case-interview/766/",0,0,""
782,"【中途/20代・30代向け】総合コンサルにおけるケース面接の出題状況（PwC、デロイト、EY、KPMG、アクセンチュアなど）","https://akagiconsulting.com/blog/case-interview/782/",0,0,""
788,"【戦コンケース面接例題】MBB内定者が基本問題の回答例を徹底解説","https://akagiconsulting.com/blog/case-interview/788/",0,0,""
791,"【過去問研究/BCG(ボスコン)】MBB内定者が過去10年のケース面接から出題傾向を徹底分析！戦コン編","https://akagiconsulting.com/blog/case-interview/791/",0,1,""
796,"戦略コンケース面接対策法の全て【Strategistsが本気で解説】","https://akagiconsulting.com/blog/fermi-estimate/796/",0,0,""
805,"BCG（ボスコン）ケース面接過去問(例題)を徹底解説！【MBB内定者が解説】","https://akagiconsulting.com/blog/case-interview/805/",0,1,""
807,"ベインケース面接過去問(例題)を徹底解説！【MBB内定者が解説】","https://akagiconsulting.com/blog/case-interview/807/",0,0,""
813,"アクセンチュアケース面接過去問(例題)を徹底解説！【総コン対策指導のプロが解説】","https://akagiconsulting.com/blog/fermi-estimate/813/",0,0,""
817,"ローランドベルガーケース面接過去問（例題）を徹底解説！【MBB内定者が解説】","https://akagiconsulting.com/blog/case-interview/817/",0,0,""
823,"ADL（アーサーディーリトル）ケース面接過去問(例題)を徹底解説！【MBB内定者が解説】","https://akagiconsulting.com/blog/case-interview/823/",0,0,""
827,"Strategy&amp;（S&amp;）ケース面接過去問(例題)を徹底解説！【MBB内定者が解説】","https://akagiconsulting.com/blog/fermi-estimate/827/",0,0,""
832,"カーニー（KEARNEY)ケース面接過去問(例題)を徹底解説！【MBB内定者が解説】","https://akagiconsulting.com/blog/case-interview/832/",0,0,""
837,"ケース面接でプロの指導を受けるには？独学との違いは？【万全な対策で戦コン転職を成功させよう】","https://akagiconsulting.com/blog/case-interview/837/",0,0,""
842,"【MBB内定者が語る】ケース面接対策におすすめの対策方法は？独学？本？塾？効率的な対策で戦コン内定を獲得する方法","https://akagiconsulting.com/blog/case-interview/842/",0,0,""
860,"ベイカレントの選考対策、ケース面接過去問(例題)を徹底解説！【総コン対策指導のプロが解説】","https://akagiconsulting.com/blog/fermi-estimate/860/",0,0,""
864,"アクセンチュアの選考対策とケース面接過去問（例題）を徹底解説！【総コン対策指導のプロが解説】","https://akagiconsulting.com/blog/case-interview/864/",0,0,""
866,"アビーム(Abeam)の選考対策、ケース面接過去問(例題)を徹底解説！【総コン対策指導のプロが解説】","https://akagiconsulting.com/blog/fermi-estimate/866/",0,0,""
872,"デロイトの選考対策、ケース面接過去問(例題)を徹底解説！【Big4対策指導のプロが解説】","https://akagiconsulting.com/blog/fermi-estimate/872/",0,0,""
878,"PwCの選考対策、ケース面接過去問(例題)を徹底解説！【Big4対策指導のプロが解説】","https://akagiconsulting.com/blog/fermi-estimate/878/",0,0,""
882,"デロイト（Deloitte）ケース面接の通過率は？落ちる割合は？【総コン対策指導のプロが解説】","https://akagiconsulting.com/blog/fermi-estimate/882/",0,0,""
896,"B&amp;DXの選考対策とケース面接過去問(例題)を徹底解説！【戦コン対策指導のプロが解説】","https://akagiconsulting.com/blog/case-interview/896/",0,0,""
900,"【MBB過去問解説】戦コン内定者も苦戦したケース問題に挑戦！①「清涼飲料水の新商品開発」","https://akagiconsulting.com/blog/case-interview/900/",0,1,""
904,"【BCG過去問解説】戦コン内定者も苦戦した発展系ケース面接（海外進出系）に挑戦！②「JR東海が新幹線を海外に売り込むとしたら、どこの国がいいか？」","https://akagiconsulting.com/blog/fermi-estimate/904/",0,0,""
909,"【BCG過去問解説】戦コン内定者も苦戦した発展系ケース面接に挑戦！③「海運ビジネスが停滞している要因とその改善施策」","https://akagiconsulting.com/blog/fermi-estimate/909/",0,0,""
917,"【応用系ケース面接過去問解説】戦コン内定者も苦戦した発展系ケース面接に挑戦！④【MBB内定者が解説】","https://akagiconsulting.com/blog/fermi-estimate/917/",0,0,""
921,"【BCG過去問解説】戦コン内定者も苦戦した発展系ケース面接に挑戦！⑤「今後の広島銀行の戦略を検討せよ」","https://akagiconsulting.com/blog/fermi-estimate/921/",0,0,""
923,"【戦コン過去問】MBB内定者が高難易度フェルミ推定を解説！①（ケース面接付き）","https://akagiconsulting.com/blog/fermi-estimate/923/",0,0,""
926,"高難易度フェルミ推定に挑戦！応用/発展系フェルミ推定解説シリーズ（ケース面接付き）【MBB内定者が解説】","https://akagiconsulting.com/blog/fermi-estimate/926/",0,0,""
930,"【戦コン過去問】MBB内定者が高難易度フェルミ推定を解説！②","https://akagiconsulting.com/blog/fermi-estimate/930/",0,0,""
934,"MBB内定者が高難易度フェルミ推定3問を徹底解説！【BCG過去問】","https://akagiconsulting.com/blog/fermi-estimate/934/",0,0,""
1056,"S&amp;(Strategy&amp;)のケース面接を突破し内定する方法（過去問・解説付き）","https://akagiconsulting.com/blog/fermi-estimate/1056/",0,0,""
1063,"【新卒・中途向け】ローランドベルガー(Roland Berger)の選考フローを徹底解説！","https://akagiconsulting.com/blog/fermi-estimate/1063/",0,0,""
938,"戦コン過去問に挑戦！公共系ケース面接解説シリーズ①【MBB内定者が解説】","https://akagiconsulting.com/blog/case-interview/938/",0,0,""
942,"戦コン過去問に挑戦！公共系ケース面接解説シリーズ②【MBB内定者が解説】","https://akagiconsulting.com/blog/case-interview/942/",0,0,""
949,"戦コン過去問に挑戦！公共系ケース面接解説シリーズ③【MBB内定者が解説】","https://akagiconsulting.com/blog/case-interview/949/",0,0,""
952,"【過去問研究/ベイン（Bain）】MBB内定者が過去10年のケース面接から出題傾向を徹底分析！戦コン編","https://akagiconsulting.com/blog/fermi-estimate/952/",0,0,""
962,"ケース面接が出題される企業とは【企業一覧】過去問や例題も公開！","https://akagiconsulting.com/blog/information/962/",0,0,""
974,"【BCG内定者が解説】BCG(ボスコン)のケース面接を突破し内定する方法（過去問付き）","https://akagiconsulting.com/blog/fermi-estimate/974/",0,0,""
1019,"【中途向け】戦コン転職支援のプロが教える！戦コンの選考内容を徹底解説","https://akagiconsulting.com/blog/fermi-estimate/1019/",0,0,""
1024,"【中途向け】MBB転職支援のプロが教える！MBBの選考内容を徹底解説","https://akagiconsulting.com/blog/fermi-estimate/1024/",0,0,""
1078,"ケース面接とは？対策法は？初心者必見の完全ガイド！【MBB内定者が解説】","https://akagiconsulting.com/blog/fermi-estimate/1078/",0,0,""
1091,"応用系フェルミ推定に挑戦！BCG過去問解説①【MBB内定者が解説】","https://akagiconsulting.com/blog/fermi-estimate/1091/",0,0,""
1095,"応用系フェルミ推定に挑戦！BCG過去問解説②【MBB内定者が解説】","https://akagiconsulting.com/blog/fermi-estimate/1095/",0,0,""
1099,"【過去問研究/コーポレイト・ディレクション（CDI）】MBB内定者が過去10年のケース面接から出題傾向を徹底分析！戦コン編","https://akagiconsulting.com/blog/case-interview/1099/",0,0,""
1105,"【過去問研究/経営共創基盤（IGPI）】MBB内定者が過去10年のケース面接から出題傾向を徹底分析！戦コン編","https://akagiconsulting.com/blog/fermi-estimate/1105/",0,0,""
1109,"【過去問研究/ZSアソシエイツ】MBB内定者が過去10年のケース面接から出題傾向を徹底分析！戦コン編","https://akagiconsulting.com/blog/case-interview/1109/",0,0,""
1117,"【過去問研究/YCP】MBB内定者が過去10年のケース面接から出題傾向を徹底分析！戦コン編","https://akagiconsulting.com/blog/fermi-estimate/1117/",0,0,""
1121,"【過去問研究/Strategy&amp;】MBB内定者が過去10年のケース面接から出題傾向を徹底分析！戦コン編","https://akagiconsulting.com/blog/fermi-estimate/1121/",0,0,""
1124,"【過去問研究/カーニー（KEARNEY)】MBB内定者が過去10年のケース面接から出題傾向を徹底分析！戦コン編","https://akagiconsulting.com/blog/fermi-estimate/1124/",0,0,""
1141,"【過去問研究/アクセンチュア戦略】MBB内定者が過去10年のケース面接から出題傾向を徹底分析！戦コン編","https://akagiconsulting.com/blog/fermi-estimate/1141/",0,0,""
1148,"【過去問研究/ドリーム・インキュベータ（DI）】MBB内定者が過去10年のケース面接から出題傾向を徹底分析！戦コン編","https://akagiconsulting.com/blog/fermi-estimate/1148/",0,0,""
1151,"【過去問研究/アクセンチュア】MBB内定者が過去10年のケース面接から出題傾向を徹底分析！総コン編","https://akagiconsulting.com/blog/fermi-estimate/1151/",0,0,""
1155,"【過去問研究/ADL】MBB内定者が過去10年のケース面接から出題傾向を徹底分析！戦コン編","https://akagiconsulting.com/blog/fermi-estimate/1155/",0,0,""
1164,"【過去問研究/アビーム】MBB内定者が過去10年のケース面接から出題傾向を徹底分析！総コン編","https://akagiconsulting.com/blog/case-interview/1164/",0,0,""
1173,"【初めてのケース面接①/売上向上編】戦コン内定者が基礎的な考え方とBCG過去問を徹底解説！","https://akagiconsulting.com/blog/case-interview/1173/",0,0,""
1178,"【初めてのケース面接②/新規事業編】戦コン内定者が基礎的な考え方とBCG過去問を徹底解説！","https://akagiconsulting.com/blog/case-interview/1178/",0,0,""
1185,"【初めてのケース面接③/成長戦略編】戦コン内定者が基礎的な考え方とBCG過去問を徹底解説！","https://akagiconsulting.com/blog/case-interview/1185/",0,0,""
1190,"【初めてのケース面接④/公共ケース編】戦コン内定者が基礎的な考え方とBCG過去問を徹底解説！","https://akagiconsulting.com/blog/case-interview/1190/",0,0,""
1194,"【初めてのケース面接⑤/抽象ケース編】戦コン内定者が基礎的な考え方とBCG過去問を徹底解説！","https://akagiconsulting.com/blog/case-interview/1194/",0,0,""
1199,"【初めてのケース面接⑥/未来予測編】戦コン内定者が基礎的な考え方とBCG過去問を徹底解説！","https://akagiconsulting.com/blog/case-interview/1199/",0,0,""
1202,"【初めてのフェルミ推定①/需要ベース編】戦コン内定者が基礎的な考え方とBCG過去問を徹底解説！","https://akagiconsulting.com/blog/fermi-estimate/1202/",0,0,""
1208,"【初めてのフェルミ推定②/供給ベース編】戦コン内定者が基礎的な考え方とBCG過去問を徹底解説！","https://akagiconsulting.com/blog/fermi-estimate/1208/",0,0,""
1213,"【初めてのフェルミ推定③/面積ベース編】戦コン内定者が基礎的な考え方とBCG過去問を徹底解説！","https://akagiconsulting.com/blog/fermi-estimate/1213/",0,0,""
1218,"戦コン一次面接突破のコツ！基礎系ケース面接を攻略して内定/転職！【MBB内定者が解説】ステージ別対策①","https://akagiconsulting.com/blog/fermi-estimate/1218/",0,0,""
1222,"戦コン二次面接突破のコツ！応用系ケース面接を攻略して内定/転職！【MBB内定者が解説】ステージ別対策②","https://akagiconsulting.com/blog/fermi-estimate/1222/",0,0,""
1252,"【過去問研究/B&DX】MBB内定者が過去10年のケース面接から出題傾向を徹底分析！戦コン編","https://akagiconsulting.com/blog/case-interview/1252/",0,0,""
1255,"【過去問研究/デロイト（DTC）】MBB内定者が過去10年のケース面接から出題傾向を徹底分析！総コン編","https://akagiconsulting.com/blog/case-interview/1255/",0,0,""
1259,"【過去問研究/PwC】MBB内定者が過去10年のケース面接から出題傾向を徹底分析！総コン編","https://akagiconsulting.com/blog/case-interview/1259/",0,0,""
1266,"戦コン最終面接突破のコツ！実践系ケース面接を攻略して内定/転職！【MBB内定者が解説】ステージ別対策③","https://akagiconsulting.com/blog/fermi-estimate/1266/",0,0,""
1270,"【中途】戦コンWebテスト攻略・突破のコツ！各社の出題状況を徹底解説！ステージ別対策⓪","https://akagiconsulting.com/blog/information/1270/",0,0,""
1277,"【過去問研究/ベイカレント】MBB内定者が過去10年のケース面接から出題傾向を徹底分析！総コン編","https://akagiconsulting.com/blog/fermi-estimate/1277/",0,0,""
1282,"デロイト（DTC）の選考プロセスと各部門の業務内容を徹底解説！総コン企業研究①","https://akagiconsulting.com/blog/information/1282/",0,0,""
1307,"アビームの選考プロセスと各部門の業務内容を徹底解説！総コン企業研究⑥","https://akagiconsulting.com/blog/information/1307/",0,0,""
1311,"KPMGの選考プロセスと各部門の業務内容を徹底解説！総コン企業研究③","https://akagiconsulting.com/blog/information/1311/",0,0,""
1315,"EYの選考プロセスと各部門の業務内容を徹底解説！総コン企業研究④","https://akagiconsulting.com/blog/information/1315/",0,0,""
1720,"PwCコンサルティングの選考プロセスと各部門の業務内容を徹底解説！総コン企業研究シリーズ②","https://akagiconsulting.com/blog/information/1720/",0,0,""
1743,"クニエ（QUNIE）の選考プロセスと各部門の業務内容を徹底解説！総コン企業研究シリーズ⑨","https://akagiconsulting.com/blog/information/1743/",0,0,""
1746,"日立コンサルティングの選考プロセスと各部門の業務内容を徹底解説！総コン企業研究シリーズ⑩","https://akagiconsulting.com/blog/information/1746/",0,0,""
1846,"ベイカレントの選考プロセスと各部門の業務内容を徹底解説！総コン企業研究シリーズ⑥","https://akagiconsulting.com/blog/information/1846/",0,0,""
1850,"日本IBMの選考プロセスと各部門の業務内容を徹底解説！総コン企業研究シリーズ⑦","https://akagiconsulting.com/blog/information/1850/",0,0,""
1860,"アクセンチュアの選考プロセスと各部門の業務内容を徹底解説！総コン企業研究シリーズ⑤","https://akagiconsulting.com/blog/information/1860/",0,0,""
2033,"リッジラインズ（Ridgelinez）の選考プロセスと各部門の業務内容を徹底解説！総コン企業研究シリーズ⑪","https://akagiconsulting.com/blog/information/2033/",0,0,""
2043,"P&amp;Eディレクションズの選考プロセスと各部門の業務内容を徹底解説！企業研究シリーズ","https://akagiconsulting.com/blog/information/2043/",0,0,""
2048,"スカイライトコンサルティングの選考プロセスと各部門の業務内容を徹底解説！企業研究シリーズ","https://akagiconsulting.com/blog/information/2048/",0,0,""
2053,"シンプレクスの選考プロセスと各部門の業務内容を徹底解説！企業研究シリーズ","https://akagiconsulting.com/blog/information/2053/",0,0,""
2058,"キャップジェミニ（Capgemini）の選考プロセスと各部門の業務内容を徹底解説！企業研究シリーズ","https://akagiconsulting.com/blog/information/2058/",0,0,""
2063,"ノースサンド（NorthSand）の選考プロセスと各部門の業務内容を徹底解説！企業研究シリーズ","https://akagiconsulting.com/blog/information/2063/",0,0,""
2069,"ディルバート（Dirbato）の選考プロセスと各部門の業務内容を徹底解説！企業研究シリーズ","https://akagiconsulting.com/blog/information/2069/",0,0,""
2073,"フューチャーアーキテクトの選考プロセスと各部門の業務内容を徹底解説！企業研究シリーズ","https://akagiconsulting.com/blog/information/2073/",0,0,""
2078,"ガートナー（Gartner）の選考プロセスと各部門の業務内容を徹底解説！企業研究シリーズ","https://akagiconsulting.com/blog/information/2078/",0,0,""
2090,"NTTデータの選考プロセスと各部門の業務内容を徹底解説！企業研究シリーズ","https://akagiconsulting.com/blog/information/2090/",0,0,""
2094,"タタコンサルタンシーサービシズの選考プロセスと各部門の業務内容を徹底解説！企業研究シリーズ","https://akagiconsulting.com/blog/information/2094/",0,0,""
2103,"レイヤーズコンサルティングの選考プロセスと各部門の業務内容を徹底解説！企業研究シリーズ","https://akagiconsulting.com/blog/information/2103/",0,0,""
2108,"ウルシステムズの選考プロセスと各部門の業務内容を徹底解説！企業研究シリーズ","https://akagiconsulting.com/blog/information/2108/",0,0,""
2113,"電通デジタルの選考プロセスと各部門の業務内容を徹底解説！企業研究シリーズ","https://akagiconsulting.com/blog/information/2113/",0,0,""
2120,"パクテラ・コンサルティングの選考プロセスと各部門の業務内容を徹底解説！企業研究シリーズ","https://akagiconsulting.com/blog/information/2120/",0,0,""
2130,"ジェンパクトコンサルティングの選考プロセスと各部門の業務内容を徹底解説！企業研究シリーズ","https://akagiconsulting.com/blog/information/2130/",0,0,""
2136,"ビッグツリーテクノロジー＆コンサルティングの選考プロセスと各部門の業務内容を徹底解説！企業研究シリーズ","https://akagiconsulting.com/blog/information/2136/",0,0,""
2141,"ビジネスブレイン太田昭和の選考プロセスと各部門の業務内容を徹底解説！企業研究シリーズ","https://akagiconsulting.com/blog/information/2141/",0,0,""
2152,"SAPの選考プロセスと各部門の業務内容を徹底解説！企業研究シリーズ","https://akagiconsulting.com/blog/information/2152/",0,0,""
2163,"ワークスアプリケーションズの選考プロセスと各部門の業務内容を徹底解説！企業研究シリーズ","https://akagiconsulting.com/blog/information/2163/",0,0,""
2296,"アバントの選考プロセスと各部門の業務内容を徹底解説！企業研究シリーズ","https://akagiconsulting.com/blog/information/2296/",0,0,""
2305,"コーンフェリー（Korn Ferry）の選考プロセスと各部門の業務内容を徹底解説！企業研究シリーズ","https://akagiconsulting.com/blog/information/2305/",0,0,""
2309,"マーサー （Mercer）の選考プロセスと各部門の業務内容を徹底解説！企業研究シリーズ","https://akagiconsulting.com/blog/information/2309/",0,0,""
2313,"オリバー・ワイマン（Oliver Wyman）の選考プロセスと各部門の業務内容を徹底解説！企業研究シリーズ","https://akagiconsulting.com/blog/information/2313/",0,0,""
2320,"サイモン・クチャー（Simon-Kucher）の選考プロセスと各部門の業務内容を徹底解説！企業研究シリーズ","https://akagiconsulting.com/blog/information/2320/",0,0,""
2334,"日本オラクルの選考プロセスと各部門の業務内容を徹底解説！企業研究シリーズ","https://akagiconsulting.com/blog/information/2334/",0,0,""
2339,"NTTデータ経営研究所の選考プロセスと各部門の業務内容を徹底解説！企業研究シリーズ","https://akagiconsulting.com/blog/information/2339/",0,0,""
2360,"富士通総研（FRI）の選考プロセスと各部門の業務内容を徹底解説！企業研究シリーズ","https://akagiconsulting.com/blog/information/2360/",0,0,""
2365,"三菱UFJ リサーチ＆コンサルティング（MURC）の選考プロセスと各部門の業務内容を徹底解説！企業研究シリーズ","https://akagiconsulting.com/blog/information/2365/",0,0,""
2369,"三菱総合研究所（MRI）の選考プロセスと各部門の業務内容を徹底解説！企業研究シリーズ","https://akagiconsulting.com/blog/information/2369/",0,0,""
2391,"【BCGマトリクスとは】MBB内定者がフレームワークの使い方をわかりやすく解説｜具体例で学ぶ①","https://akagiconsulting.com/blog/case-interview/2391/",0,0,""
2405,"【3C分析とは】MBB内定者がフレームワークの使い方をわかりやすく解説｜具体例で学ぶ②","https://akagiconsulting.com/blog/case-interview/2405/",0,0,""
2426,"【因数分解とは】MBB内定者がフレームワークの使い方をわかりやすく解説｜具体例で学ぶ③","https://akagiconsulting.com/blog/case-interview/2426/",0,0,""
2433,"【4P分析とは】MBB内定者がフレームワークの使い方をわかりやすく解説｜具体例で学ぶ④","https://akagiconsulting.com/blog/case-interview/2433/",0,0,""
2442,"【5W1Hとは】MBB内定者がフレームワークの使い方をわかりやすく解説｜具体例で学ぶ⑤","https://akagiconsulting.com/blog/case-interview/2442/",0,0,""
2446,"【カスタマージャーニーとは】MBB内定者がフレームワークの使い方をわかりやすく解説｜具体例で学ぶ⑥","https://akagiconsulting.com/blog/case-interview/2446/",0,0,""
2450,"【バリューチェーン分析とは】MBB内定者がフレームワークの使い方をわかりやすく解説｜具体例で学ぶ⑦","https://akagiconsulting.com/blog/case-interview/2450/",0,0,""
2455,"【AIDMAとは】MBB内定者がフレームワークの使い方をわかりやすく解説｜具体例で学ぶ⑨","https://akagiconsulting.com/blog/case-interview/2455/",0,0,""
2461,"【ファイブフォース分析とは】MBB内定者がフレームワークの使い方をわかりやすく解説｜具体例で学ぶ⑩","https://akagiconsulting.com/blog/case-interview/2461/",0,0,""
2467,"【アンゾフの成長マトリクスとは】MBB内定者がフレームワークの使い方をわかりやすく解説｜具体例で学ぶ⑪","https://akagiconsulting.com/blog/case-interview/2467/",0,0,""
2472,"【SWOT分析とは】MBB内定者がフレームワークの使い方をわかりやすく解説｜具体例で学ぶ⑫","https://akagiconsulting.com/blog/case-interview/2472/",0,0,""
2478,"【CAGE分析とは】MBB内定者がフレームワークの使い方をわかりやすく解説｜具体例で学ぶ⑬","https://akagiconsulting.com/blog/case-interview/2478/",0,0,""
2484,"【STP分析とは】MBB内定者がフレームワークの使い方をわかりやすく解説｜具体例で学ぶ⑭","https://akagiconsulting.com/blog/case-interview/2484/",0,0,""
2488,"【マッキンゼーの7Sとは】MBB内定者がフレームワークの使い方をわかりやすく解説｜具体例で学ぶ⑮","https://akagiconsulting.com/blog/case-interview/2488/",0,0,""
2492,"【VRIO分析とは】MBB内定者がフレームワークの使い方をわかりやすく解説｜具体例で学ぶ⑯","https://akagiconsulting.com/blog/case-interview/2492/",0,0,""
2497,"【パレートの法則とは】MBB内定者がフレームワークの使い方をわかりやすく解説｜具体例で学ぶ⑰","https://akagiconsulting.com/blog/case-interview/2497/",0,0,""
383,"ケース面接初心者から2ヶ月でマッキンゼーに内定した話【卒業生インタビュー】","https://akagiconsulting.com/blog/case-interview/383/",0,0,""
403,"【マッキンゼー】ビヘイビア面接(PEI)対策サービスについて","https://akagiconsulting.com/blog/behavior/403/",0,0,""
482,"Strategistsについて【戦コン内定者輩出実績、ケース面接対策(指導)サービス/教科書/動画講座について】","https://akagiconsulting.com/blog/news/482/",0,0,""
